Workbook

Sheet Sheet3
A3: Row Labels
A4: Actitis macularius
A5: Amazilia tzacatl
A6: Amazona autumnalis
A7: Amazona farinosa
A8: Anthracothorax nigricollis
A9: Ardea alba
A10: Arremon aurantiirostris
A11: Attila spadiceus
A12: Baryphthengus martii
A13: Buteogallus anthracinus
A14: Buteogallus urubitinga
... A140: Grand Total

Sheet Sheet4
A1: especie | B1: Manacus
A2: Tinamus major | B2: =VLOOKUP(A2,manacus!$C$1:$D$1034,2,FALSE) -> Great Tinamou
A3: Crypturellus soui | B3: =VLOOKUP(A3,manacus!$C$1:$D$1034,2,FALSE) -> Little Tinamou
A4: Crypturellus kerriae | B4: =VLOOKUP(A4,manacus!$C$1:$D$1034,2,FALSE) -> Choco Tinamou
A5: Penelope purpurascens | B5: =VLOOKUP(A5,manacus!$C$1:$D$1034,2,FALSE) -> Crested Guan
A6: Crax rubra | B6: =VLOOKUP(A6,manacus!$C$1:$D$1034,2,FALSE) -> Great Curassow
A7: Rhynchortyx cinctus | B7: =VLOOKUP(A7,manacus!$C$1:$D$1034,2,FALSE) -> #N/A
A8: Patagioenas cayennensis | B8: =VLOOKUP(A8,manacus!$C$1:$D$1034,2,FALSE) -> #N/A
A9: Patagioenas speciosa | B9: =VLOOKUP(A9,manacus!$C$1:$D$1034,2,FALSE) -> #N/A
A10: Patagioenas plumbea | B10: =VLOOKUP(A10,manacus!$C$1:$D$1034,2,FALSE) -> #N/A
A11: Patagioenas goodsoni | B11: =VLOOKUP(A11,manacus!$C$1:$D$1034,2,FALSE) -> Dusky Pigeon
A12: Columbina talpacoti | B12: =VLOOKUP(A12,manacus!$C$1:$D$1034,2,FALSE) -> #N/A
A13: Leptotila verreauxi | B13: =VLOOKUP(A13,manacus!$C$1:$D$1034,2,FALSE) -> #N/A
... A137: Saltator maximus | B137: =VLOOKUP(A137,manacus!$C$1:$D$1034,2,FALSE) -> Buff-throated Saltator

Sheet manacus
A1: tax_order | B1: category | C1: sci_name | D1: comm_name | E1: exotic | F1: count | G1: country | H1: state | I1: lat | J1: lon | K1: dates | L1: observer | M1: media | N1: gui | O1: comments
A2: 10310 | B2: species | C2: Capito maculicoronatus | D2: Spot-crowned Barbet | F2: 3 | G2: Colombia | H2: Choc√≥ | I2: 5.6008 | J2: -77.44218 | K2: 44757 | L2: obsr169881 | M2: 1 | N2: URN:CornellLabOfOrnithology:EBIRD:OBS1480692950 | O2: Manacus2022_Manacus expedition LSU-Humboldt Institute 2022. After setting up nets. With Salma, Mori, and Callito.
A3: 10407 | B3: species | C3: Pteroglossus torquatus | D3: Collared Aracari | F3: 1 | G3: Colombia | H3: Choc√≥ | I3: 5.6008 | J3: -77.44218 | K3: 44756 | L3: obsr169881 | M3: 0 | N3: URN:CornellLabOfOrnithology:EBIRD:OBS1480697007 | O3: Manacus2022_Manacus expedition LSU-Humboldt Institute 2022. Con Sebastian en la finca de Salma.
A4: 10407 | B4: species | C4: Pteroglossus torquatus | D4: Collared Aracari | F4: 1 | G4: Colombia | H4: Choc√≥ | I4: 5.6008 | J4: -77.44218 | K4: 44756 | L4: obsr792981 | M4: 0 | N4: URN:CornellLabOfOrnithology:EBIRD:OBS1504401832
A5: 10407 | B5: species | C5: Pteroglossus torquatus | D5: Collared Aracari | F5: 1 | G5: Colombia | H5: Choc√≥ | I5: 5.603758 | J5: -77.437378 | K5: 44759 | L5: obsr169881 | M5: 0 | N5: URN:CornellLabOfOrnithology:EBIRD:OBS1481741353 | O5: Manacus2022_Manacus expedition LSU-Humboldt Institute 2022. Sendero cuatro encantos. After setting up nets by Phaethornis lek. With Salma. Stopped along trail for breakfast at 930. Walking very slow, doing playback for various species. Recording. Joined at end by Diego, Valentina, Mori, and Callito (Diego had his own list running). Started at nets, walked up trail, ended count back at nets.
A6: 10407 | B6: species | C6: Pteroglossus torquatus | D6: Collared Aracari | F6: 4 | G6: Colombia | H6: Choc√≥ | I6: 5.616211 | J6: -77.429894 | K6: 44758 | L6: obsr169881 | M6: 0 | N6: URN:CornellLabOfOrnithology:EBIRD:OBS1486652588 | O6: Manacus2022_Manacus expedition LSU-Humboldt Institute 2022.
A7: 10407 | B7: species | C7: Pteroglossus torquatus | D7: Collared Aracari | F7: 4 | G7: Colombia | H7: Choc√≥ | I7: 5.616211 | J7: -77.429894 | K7: 44758 | L7: obsr436508 | M7: 0 | N7: URN:CornellLabOfOrnithology:EBIRD:OBS1480640791 | O7: Manacus2022_
A8: 10446 | B8: species | C8: Ramphastos ambiguus | D8: Yellow-throated Toucan | F8: 1 | G8: Colombia | H8: Choc√≥ | I8: 5.574783 | J8: -77.495739 | K8: 44762 | L8: obsr169881 | M8: 0 | N8: URN:CornellLabOfOrnithology:EBIRD:OBS1483079698 | O8: Manacus2022_Manacus expedition LSU-Humboldt Institute 2022. FYI had one earlier observation this morning: an incidental on hike out to nets on Camino to Rio Arusisito. It was a recording of a high pitched song. Started current list at far nets on Camino to Rio Arusisito. With Sammy as guide. Stopped list when torrential rain started.
A9: 10446 | B9: species | C9: Ramphastos ambiguus | D9: Yellow-throated Toucan | F9: 1 | G9: Colombia | H9: Choc√≥ | I9: 5.598741 | J9: -77.445042 | K9: 44755 | L9: obsr792981 | M9: 0 | N9: URN:CornellLabOfOrnithology:EBIRD:OBS1485332565
A10: 10446 | B10: species | C10: Ramphastos ambiguus | D10: Yellow-throated Toucan | F10: 1 | G10: Colombia | H10: Choc√≥ | I10: 5.6026791 | J10: -77.442741 | K10: 44755 | L10: obsr792981 | M10: 0 | N10: URN:CornellLabOfOrnithology:EBIRD:OBS1485333094
A11: 10446 | B11: species | C11: Ramphastos ambiguus | D11: Yellow-throated Toucan | F11: 1 | G11: Colombia | H11: Choc√≥ | I11: 5.6033574 | J11: -77.435157 | K11: 44759 | L11: obsr436508 | M11: 0 | N11: URN:CornellLabOfOrnithology:EBIRD:OBS1481750891 | O11: Manacus2022_
A12: 10446 | B12: species | C12: Ramphastos ambiguus | D12: Yellow-throated Toucan | F12: 1 | G12: Colombia | H12: Choc√≥ | I12: 5.603758 | J12: -77.437378 | K12: 44759 | L12: obsr169881 | M12: 0 | N12: URN:CornellLabOfOrnithology:EBIRD:OBS1481741360 | O12: Manacus2022_Manacus expedition LSU-Humboldt Institute 2022. Sendero cuatro encantos. After setting up nets by Phaethornis lek. With Salma. Stopped along trail for breakfast at 930. Walking very slow, doing playback for various species. Recording. Joined at end by Diego, Valentina, Mori, and Callito (Diego had his own list running). Started at nets, walked up trail, ended count back at nets.
A13: 10446 | B13: species | C13: Ramphastos ambiguus | D13: Yellow-throated Toucan | F13: 2 | G13: Colombia | H13: Choc√≥ | I13: 5.5712682 | J13: -77.501856 | K13: 44761 | L13: obsr436508 | M13: 0 | N13: URN:CornellLabOfOrnithology:EBIRD:OBS1498845104 | O13: Manacus2022_
A14: 10446 | B14: species | C14: Ramphastos ambiguus | D14: Yellow-throated Toucan | F14: 2 | G14: Colombia | H14: Choc√≥ | I14: 5.572016 | J14: -77.498527 | K14: 44760 | L14: obsr169881 | M14: 0 | N14: URN:CornellLabOfOrnithology:EBIRD:OBS1481970787 | O14: Manacus2022_Manacus expedition LSU-Humboldt Institute 2022. El Amargal: camino hasta cuchilla de Arus√≠. With Armancio as guide. Light rain and super quiet overall. After walking up the trail a few hundred meters we turned back and I ended the list a little short of the El Amargal buildings when it was getting dark.
A15: 10446 | B15: species | C15: Ramphastos ambiguus | D15: Yellow-throated Toucan | F15: 2 | G15: Colombia | H15: Choc√≥ | I15: 5.5747881 | J15: -77.498199 | K15: 44761 | L15: obsr792981 | M15: 0 | N15: URN:CornellLabOfOrnithology:EBIRD:OBS1484895809
A16: 10446 | B16: species | C16: Ramphastos ambiguus | D16: Yellow-throated Toucan | F16: 2 | G16: Colombia | H16: Choc√≥ | I16: 5.6033574 | J16: -77.435157 | K16: 44388 | L16: obsr436508 | M16: 0 | N16: URN:CornellLabOfOrnithology:EBIRD:OBS1199322243
A17: 10446 | B17: species | C17: Ramphastos ambiguus | D17: Yellow-throated Toucan | F17: 2 | G17: Colombia | H17: Choc√≥ | I17: 5.603758 | J17: -77.437378 | K17: 44754 | L17: obsr169881 | M17: 0 | N17: URN:CornellLabOfOrnithology:EBIRD:OBS1480702458 | O17: Manacus2022_Manacus expedition LSU-Humboldt Institute 2022. Walked east from the town of Termales, reached the "termales spa del pacifico", and then took the Camino Cuatro Encantos. We walked only a few hundred meters along the camino and then turned back. Scouting for Manacus. With Sebastian, Maira, and guides. Ebird track for this list is WAY off due to user error--accidentally continued a list from a previous site. Have since fixed error, except for lingering eBird track.
A18: 10446 | B18: species | C18: Ramphastos ambiguus | D18: Yellow-throated Toucan | F18: 2 | G18: Colombia | H18: Choc√≥ | I18: 5.603758 | J18: -77.437378 | K18: 44754 | L18: obsr792981 | M18: 0 | N18: URN:CornellLabOfOrnithology:EBIRD:OBS1497532072
A19: 10446 | B19: species | C19: Ramphastos ambiguus | D19: Yellow-throated Toucan | F19: 2 | G19: Colombia | H19: Choc√≥ | I19: 5.6121815 | J19: -77.434699 | K19: 44759 | L19: obsr792981 | M19: 0 | N19: URN:CornellLabOfOrnithology:EBIRD:OBS1485333058
A20: 10446 | B20: species | C20: Ramphastos ambiguus | D20: Yellow-throated Toucan | F20: 2 | G20: Colombia | H20: Choc√≥ | I20: 5.614659 | J20: -77.424991 | K20: 44758 | L20: obsr169881 | M20: 0 | N20: URN:CornellLabOfOrnithology:EBIRD:OBS1504613188 | O20: Manacus2022_
A21: 10446 | B21: species | C21: Ramphastos ambiguus | D21: Yellow-throated Toucan | F21: 2 | G21: Colombia | H21: Choc√≥ | I21: 5.614659 | J21: -77.424991 | K21: 44758 | L21: obsr436508 | M21: 0 | N21: URN:CornellLabOfOrnithology:EBIRD:OBS1480643163 | O21: Manacus2022_
A22: 10446 | B22: species | C22: Ramphastos ambiguus | D22: Yellow-throated Toucan | F22: 2 | G22: Colombia | H22: Choc√≥ | I22: 5.616211 | J22: -77.429894 | K22: 44757 | L22: obsr436508 | M22: 0 | N22: URN:CornellLabOfOrnithology:EBIRD:OBS1480636746 | O22: Manacus2022_
A23: 10446 | B23: species | C23: Ramphastos ambiguus | D23: Yellow-throated Toucan | F23: 3 | G23: Colombia | H23: Choc√≥ | I23: 5.5747497 | J23: -77.498879 | K23: 44760 | L23: obsr792981 | M23: 0 | N23: URN:CornellLabOfOrnithology:EBIRD:OBS1484890072
A24: 10446 | B24: species | C24: Ramphastos ambiguus | D24: Yellow-throated Toucan | F24: 3 | G24: Colombia | H24: Choc√≥ | I24: 5.5996931 | J24: -77.443468 | K24: 44758 | L24: obsr792981 | M24: 0 | N24: URN:CornellLabOfOrnithology:EBIRD:OBS1480701377
A25: 10446 | B25: species | C25: Ramphastos ambiguus | D25: Yellow-throated Toucan | F25: 3 | G25: Colombia | H25: Choc√≥ | I25: 5.6121815 | J25: -77.434699 | K25: 44759 | L25: obsr792981 | M25: 0 | N25: URN:CornellLabOfOrnithology:EBIRD:OBS1484895946
A26: 10446 | B26: species | C26: Ramphastos ambiguus | D26: Yellow-throated Toucan | F26: 4 | G26: Colombia | H26: Choc√≥ | I26: 5.5748063 | J26: -77.497723 | K26: 44761 | L26: obsr792981 | M26: 0 | N26: URN:CornellLabOfOrnithology:EBIRD:OBS1484896705
A27: 10446 | B27: species | C27: Ramphastos ambiguus | D27: Yellow-throated Toucan | F27: 4 | G27: Colombia | H27: Choc√≥ | I27: 5.5998188 | J27: -77.44438 | K27: 44757 | L27: obsr792981 | M27: 0 | N27: URN:CornellLabOfOrnithology:EBIRD:OBS1480688702
A28: 10446 | B28: species | C28: Ramphastos ambiguus | D28: Yellow-throated Toucan | F28: 6 | G28: Colombia | H28: Choc√≥ | I28: 5.6008 | J28: -77.44218 | K28: 44757 | L28: obsr169881 | M28: 1 | N28: URN:CornellLabOfOrnithology:EBIRD:OBS1480692952 | O28: Manacus2022_Manacus expedition LSU-Humboldt Institute 2022. After setting up nets. With Salma, Mori, and Callito.
A29: 10446 | B29: species | C29: Ramphastos ambiguus | D29: Yellow-throated Toucan | F29: 6 | G29: Colombia | H29: Choc√≥ | I29: 5.615531 | J29: -77.428772 | K29: 44755 | L29: obsr169881 | M29: 0 | N29: URN:CornellLabOfOrnithology:EBIRD:OBS1486652531 | O29: Manacus2022_Manacus expedition LSU-Humboldt Institute 2022. Valeria and Glenn woke at 4 and hiked down beach to meet Andre at Termales. We then walked down path towards Playa Terco and met our guide Guere Guere at his house. A colorful older gentleman from Bogota [AEM edit: from Medellin I think] and former world traveler living a bit of a retired pirate‚Äôs life. Walked down beach and took a side path to reach Quebrada El Terco. A gentle, sandy stream through excellent forest. Shallow enough for boots for the most part. Where the valley narrowed we took a side trail up to a ridge that connected with the trails of El Cantil lodge and explored a bit up there. We returned to the steam around 10 and walked a short ways further up the stream to an impressive cascade with a small pool for swimming. Guere Guere went in his birthday suit; Andre, Valeria, y yo were a bit more modest.
A30: 10446 | B30: species | C30: Ramphastos ambiguus | D30: Yellow-throated Toucan | F30: 7 | G30: Colombia | H30: Choc√≥ | I30: 5.616211 | J30: -77.429894 | K30: 44758 | L30: obsr169881 | M30: 0 | N30: URN:CornellLabOfOrnithology:EBIRD:OBS1486652581 | O30: Manacus2022_Manacus expedition LSU-Humboldt Institute 2022.
A31: 10446 | B31: species | C31: Ramphastos ambiguus | D31: Yellow-throated Toucan | F31: 7 | G31: Colombia | H31: Choc√≥ | I31: 5.616211 | J31: -77.429894 | K31: 44758 | L31: obsr436508 | M31: 0 | N31: URN:CornellLabOfOrnithology:EBIRD:OBS1480640784 | O31: Manacus2022_
A32: 10459 | B32: species | C32: Ramphastos brevis | D32: Choco Toucan | F32: 1 | G32: Colombia | H32: Choc√≥ | I32: 5.570735 | J32: -77.497034 | K32: 44762 | L32: obsr436508 | M32: 0 | N32: URN:CornellLabOfOrnithology:EBIRD:OBS1498853137 | O32: Manacus2022_
A33: 10459 | B33: species | C33: Ramphastos brevis | D33: Choco Toucan | F33: 1 | G33: Colombia | H33: Choc√≥ | I33: 5.572016 | J33: -77.498527 | K33: 44761 | L33: obsr169881 | M33: 1 | N33: URN:CornellLabOfOrnithology:EBIRD:OBS1482382050 | O33: Manacus2022_Manacus expedition LSU-Humboldt Institute 2022. With Armancio as guide, we started at the El Amargal clearing then walked the Camino hasta Cuchilla de Arus√≠. Ending at clearing near the cuchilla (ridgetop) where we ate breakfast and hung out for a while. Good lighting and open views there for some canopy birds.
A34: 10459 | B34: species | C34: Ramphastos brevis | D34: Choco Toucan | F34: 1 | G34: Colombia | H34: Choc√≥ | I34: 5.5748063 | J34: -77.497723 | K34: 44761 | L34: obsr792981 | M34: 0 | N34: URN:CornellLabOfOrnithology:EBIRD:OBS1484896714
A35: 10459 | B35: species | C35: Ramphastos brevis | D35: Choco Toucan | F35: 1 | G35: Colombia | H35: Choc√≥ | I35: 5.598741 | J35: -77.445042 | K35: 44756 | L35: obsr436508 | M35: 0 | N35: URN:CornellLabOfOrnithology:EBIRD:OBS1480647490 | O35: Manacus2022_
A36: 10459 | B36: species | C36: Ramphastos brevis | D36: Choco Toucan | F36: 1 | G36: Colombia | H36: Choc√≥ | I36: 5.603758 | J36: -77.437378 | K36: 44759 | L36: obsr169881 | M36: 0 | N36: URN:CornellLabOfOrnithology:EBIRD:OBS1481741363 | O36: Manacus2022_Manacus expedition LSU-Humboldt Institute 2022. Sendero cuatro encantos. After setting up nets by Phaethornis lek. With Salma. Stopped along trail for breakfast at 930. Walking very slow, doing playback for various species. Recording. Joined at end by Diego, Valentina, Mori, and Callito (Diego had his own list running). Started at nets, walked up trail, ended count back at nets.
A37: 10459 | B37: species | C37: Ramphastos brevis | D37: Choco Toucan | F37: 2 | G37: Colombia | H37: Choc√≥ | I37: 5.5712682 | J37: -77.501856 | K37: 44761 | L37: obsr436508 | M37: 0 | N37: URN:CornellLabOfOrnithology:EBIRD:OBS1498845119 | O37: Manacus2022_
A38: 10459 | B38: species | C38: Ramphastos brevis | D38: Choco Toucan | F38: 2 | G38: Colombia | H38: Choc√≥ | I38: 5.5729971 | J38: -77.498555 | K38: 44762 | L38: obsr792981 | M38: 0 | N38: URN:CornellLabOfOrnithology:EBIRD:OBS1484893433
A39: 10459 | B39: species | C39: Ramphastos brevis | D39: Choco Toucan | F39: 2 | G39: Colombia | H39: Choc√≥ | I39: 5.574783 | J39: -77.495739 | K39: 44762 | L39: obsr169881 | M39: 0 | N39: URN:CornellLabOfOrnithology:EBIRD:OBS1483079690 | O39: Manacus2022_Manacus expedition LSU-Humboldt Institute 2022. FYI had one earlier observation this morning: an incidental on hike out to nets on Camino to Rio Arusisito. It was a recording of a high pitched song. Started current list at far nets on Camino to Rio Arusisito. With Sammy as guide. Stopped list when torrential rain started.
A40: 10459 | B40: species | C40: Ramphastos brevis | D40: Choco Toucan | F40: 2 | G40: Colombia | H40: Choc√≥ | I40: 5.6121815 | J40: -77.434699 | K40: 44759 | L40: obsr792981 | M40: 0 | N40: URN:CornellLabOfOrnithology:EBIRD:OBS1485333060
A41: 10459 | B41: species | C41: Ramphastos brevis | D41: Choco Toucan | F41: 2 | G41: Colombia | H41: Choc√≥ | I41: 5.615531 | J41: -77.428772 | K41: 44755 | L41: obsr169881 | M41: 0 | N41: URN:CornellLabOfOrnithology:EBIRD:OBS1486652533 | O41: Manacus2022_Manacus expedition LSU-Humboldt Institute 2022. Valeria and Glenn woke at 4 and hiked down beach to meet Andre at Termales. We then walked down path towards Playa Terco and met our guide Guere Guere at his house. A colorful older gentleman from Bogota [AEM edit: from Medellin I think] and former world traveler living a bit of a retired pirate‚Äôs life. Walked down beach and took a side path to reach Quebrada El Terco. A gentle, sandy stream through excellent forest. Shallow enough for boots for the most part. Where the valley narrowed we took a side trail up to a ridge that connected with the trails of El Cantil lodge and explored a bit up there. We returned to the steam around 10 and walked a short ways further up the stream to an impressive cascade with a small pool for swimming. Guere Guere went in his birthday suit; Andre, Valeria, y yo were a bit more modest.
A42: 10459 | B42: species | C42: Ramphastos brevis | D42: Choco Toucan | F42: 2 | G42: Colombia | H42: Choc√≥ | I42: 5.616211 | J42: -77.429894 | K42: 44757 | L42: obsr436508 | M42: 0 | N42: URN:CornellLabOfOrnithology:EBIRD:OBS1480636760 | O42: Manacus2022_
A43: 10668 | B43: species | C43: Melanerpes pucherani | D43: Black-cheeked Woodpecker | F43: 1 | G43: Colombia | H43: Choc√≥ | I43: 5.570735 | J43: -77.497034 | K43: 44762 | L43: obsr436508 | M43: 0 | N43: URN:CornellLabOfOrnithology:EBIRD:OBS1498853134 | O43: Manacus2022_
A44: 10668 | B44: species | C44: Melanerpes pucherani | D44: Black-cheeked Woodpecker | F44: 1 | G44: Colombia | H44: Choc√≥ | I44: 5.5712682 | J44: -77.501856 | K44: 44761 | L44: obsr436508 | M44: 1 | N44: URN:CornellLabOfOrnithology:EBIRD:OBS1498845107 | O44: Manacus2022_
A45: 10668 | B45: species | C45: Melanerpes pucherani | D45: Black-cheeked Woodpecker | F45: 1 | G45: Colombia | H45: Choc√≥ | I45: 5.572016 | J45: -77.498527 | K45: 44761 | L45: obsr169881 | M45: 0 | N45: URN:CornellLabOfOrnithology:EBIRD:OBS1482382049 | O45: Manacus2022_Manacus expedition LSU-Humboldt Institute 2022. With Armancio as guide, we started at the El Amargal clearing then walked the Camino hasta Cuchilla de Arus√≠. Ending at clearing near the cuchilla (ridgetop) where we ate breakfast and hung out for a while. Good lighting and open views there for some canopy birds.
A46: 10668 | B46: species | C46: Melanerpes pucherani | D46: Black-cheeked Woodpecker | F46: 1 | G46: Colombia | H46: Choc√≥ | I46: 5.5992769 | J46: -77.443921 | K46: 44757 | L46: obsr792981 | M46: 0 | N46: URN:CornellLabOfOrnithology:EBIRD:OBS1480700926
A47: 10668 | B47: species | C47: Melanerpes pucherani | D47: Black-cheeked Woodpecker | F47: 1 | G47: Colombia | H47: Choc√≥ | I47: 5.606129 | J47: -77.441643 | K47: 44760 | L47: obsr169881 | M47: 0 | N47: URN:CornellLabOfOrnithology:EBIRD:OBS1481750386 | O47: Manacus2022_Manacus expedition LSU-Humboldt Institute 2022. With Diego, Sebastian, and Maira. Started at our lodging and walked to beach.
A48: 10668 | B48: species | C48: Melanerpes pucherani | D48: Black-cheeked Woodpecker | F48: 1 | G48: Colombia | H48: Choc√≥ | I48: 5.606129 | J48: -77.441643 | K48: 44760 | L48: obsr436508 | M48: 0 | N48: URN:CornellLabOfOrnithology:EBIRD:OBS1505239329 | O48: Manacus2022_Manacus expedition LSU-Humboldt Institute 2022. With Diego, Sebastian, and Maira. Started at our lodging and walked to beach.
A49: 10668 | B49: species | C49: Melanerpes pucherani | D49: Black-cheeked Woodpecker | F49: 1 | G49: Colombia | H49: Choc√≥ | I49: 5.606129 | J49: -77.441643 | K49: 44760 | L49: obsr792981 | M49: 0 | N49: URN:CornellLabOfOrnithology:EBIRD:OBS1504763068
A50: 10668 | B50: species | C50: Melanerpes pucherani | D50: Black-cheeked Woodpecker | F50: 1 | G50: Colombia | H50: Choc√≥ | I50: 5.6121815 | J50: -77.434699 | K50: 44759 | L50: obsr792981 | M50: 0 | N50: URN:CornellLabOfOrnithology:EBIRD:OBS1485333038
A51: 10668 | B51: species | C51: Melanerpes pucherani | D51: Black-cheeked Woodpecker | F51: 2 | G51: Colombia | H51: Choc√≥ | I51: 5.5729971 | J51: -77.498555 | K51: 44762 | L51: obsr792981 | M51: 0 | N51: URN:CornellLabOfOrnithology:EBIRD:OBS1484893428
A52: 10668 | B52: species | C52: Melanerpes pucherani | D52: Black-cheeked Woodpecker | F52: 2 | G52: Colombia | H52: Choc√≥ | I52: 5.573303 | J52: -77.501771 | K52: 44762 | L52: obsr169881 | M52: 0 | N52: URN:CornellLabOfOrnithology:EBIRD:OBS1505744129 | O52: Manacus2022_ Really nice flock right at the El Amargal clearing! And a bonus Brown Booby flyby.
A53: 10668 | B53: species | C53: Melanerpes pucherani | D53: Black-cheeked Woodpecker | F53: 2 | G53: Colombia | H53: Choc√≥ | I53: 5.573303 | J53: -77.501771 | K53: 44762 | L53: obsr792981 | M53: 0 | N53: URN:CornellLabOfOrnithology:EBIRD:OBS1484890932
A54: 10668 | B54: species | C54: Melanerpes pucherani | D54: Black-cheeked Woodpecker | F54: 2 | G54: Colombia | H54: Choc√≥ | I54: 5.5996931 | J54: -77.443468 | K54: 44756 | L54: obsr792981 | M54: 0 | N54: URN:CornellLabOfOrnithology:EBIRD:OBS1480700609
A55: 10668 | B55: species | C55: Melanerpes pucherani | D55: Black-cheeked Woodpecker | F55: 2 | G55: Colombia | H55: Choc√≥ | I55: 5.6026791 | J55: -77.442741 | K55: 44755 | L55: obsr792981 | M55: 0 | N55: URN:CornellLabOfOrnithology:EBIRD:OBS1485333095
A56: 10668 | B56: species | C56: Melanerpes pucherani | D56: Black-cheeked Woodpecker | F56: 2 | G56: Colombia | H56: Choc√≥ | I56: 5.605836 | J56: -77.442063 | K56: 44385 | L56: obsr436508 | M56: 0 | N56: URN:CornellLabOfOrnithology:EBIRD:OBS1199302251
A57: 10668 | B57: species | C57: Melanerpes pucherani | D57: Black-cheeked Woodpecker | F57: 2 | G57: Colombia | H57: Choc√≥ | I57: 5.615531 | J57: -77.428772 | K57: 44755 | L57: obsr169881 | M57: 0 | N57: URN:CornellLabOfOrnithology:EBIRD:OBS1486652506 | O57: Manacus2022_Manacus expedition LSU-Humboldt Institute 2022. Valeria and Glenn woke at 4 and hiked down beach to meet Andre at Termales. We then walked down path towards Playa Terco and met our guide Guere Guere at his house. A colorful older gentleman from Bogota [AEM edit: from Medellin I think] and former world traveler living a bit of a retired pirate‚Äôs life. Walked down beach and took a side path to reach Quebrada El Terco. A gentle, sandy stream through excellent forest. Shallow enough for boots for the most part. Where the valley narrowed we took a side trail up to a ridge that connected with the trails of El Cantil lodge and explored a bit up there. We returned to the steam around 10 and walked a short ways further up the stream to an impressive cascade with a small pool for swimming. Guere Guere went in his birthday suit; Andre, Valeria, y yo were a bit more modest.
A58: 10668 | B58: species | C58: Melanerpes pucherani | D58: Black-cheeked Woodpecker | F58: 3 | G58: Colombia | H58: Choc√≥ | I58: 5.6093966 | J58: -77.437908 | K58: 44386 | L58: obsr436508 | M58: 0 | N58: URN:CornellLabOfOrnithology:EBIRD:OBS1236903795
A59: 110 | B59: species | C59: Crypturellus kerriae | D59: Choco Tinamou | F59: 1 | G59: Colombia | H59: Choc√≥ | I59: 5.616211 | J59: -77.429894 | K59: 44757 | L59: obsr436508 | M59: 0 | N59: URN:CornellLabOfOrnithology:EBIRD:OBS1480636743 | O59: Manacus2022_
A60: 11229 | B60: species | C60: Dryocopus lineatus | D60: Lineated Woodpecker | F60: 1 | G60: Colombia | H60: Choc√≥ | I60: 5.6093966 | J60: -77.437908 | K60: 44386 | L60: obsr436508 | M60: 0 | N60: URN:CornellLabOfOrnithology:EBIRD:OBS1236903791
A61: 11229 | B61: species | C61: Dryocopus lineatus | D61: Lineated Woodpecker | F61: 2 | G61: Colombia | H61: Choc√≥ | I61: 5.6055356 | J61: -77.441619 | K61: 44754 | L61: obsr792981 | M61: 0 | N61: URN:CornellLabOfOrnithology:EBIRD:OBS1485332152
A62: 11229 | B62: species | C62: Dryocopus lineatus | D62: Lineated Woodpecker | F62: 2 | G62: Colombia | H62: Choc√≥ | I62: 5.606129 | J62: -77.441643 | K62: 44755 | L62: obsr792981 | M62: 0 | N62: URN:CornellLabOfOrnithology:EBIRD:OBS1503709244
A63: 11443 | B63: species | C63: Herpetotheres cachinnans | D63: Laughing Falcon | F63: 1 | G63: Colombia | H63: Choc√≥ | I63: 5.6121815 | J63: -77.434699 | K63: 44759 | L63: obsr792981 | M63: 0 | N63: URN:CornellLabOfOrnithology:EBIRD:OBS1485333042
A64: 11559 | B64: species | C64: Falco rufigularis | D64: Bat Falcon | F64: 2 | G64: Colombia | H64: Choc√≥ | I64: 5.605828 | J64: -77.441693 | K64: 44758 | L64: obsr169881 | M64: 1 | N64: URN:CornellLabOfOrnithology:EBIRD:OBS1486652577 | O64: Manacus2022_Manacus expedition LSU-Humboldt Institute 2022.
A65: 11559 | B65: species | C65: Falco rufigularis | D65: Bat Falcon | F65: 2 | G65: Colombia | H65: Choc√≥ | I65: 5.605828 | J65: -77.441693 | K65: 44758 | L65: obsr436508 | M65: 1 | N65: URN:CornellLabOfOrnithology:EBIRD:OBS1480645554 | O65: Manacus2022_
A66: 12303 | B66: species | C66: Pyrilia pulchra | D66: Rose-faced Parrot | F66: 10 | G66: Colombia | H66: Choc√≥ | I66: 5.6026791 | J66: -77.442741 | K66: 44755 | L66: obsr792981 | M66: 0 | N66: URN:CornellLabOfOrnithology:EBIRD:OBS1485333109
A67: 12303 | B67: species | C67: Pyrilia pulchra | D67: Rose-faced Parrot | F67: 2 | G67: Colombia | H67: Choc√≥ | I67: 5.570735 | J67: -77.497034 | K67: 44762 | L67: obsr436508 | M67: 0 | N67: URN:CornellLabOfOrnithology:EBIRD:OBS1498853142 | O67: Manacus2022_
A68: 12303 | B68: species | C68: Pyrilia pulchra | D68: Rose-faced Parrot | F68: 6 | G68: Colombia | H68: Choc√≥ | I68: 5.5992769 | J68: -77.443921 | K68: 44757 | L68: obsr792981 | M68: 0 | N68: URN:CornellLabOfOrnithology:EBIRD:OBS1480700935
A69: 12303 | B69: species | C69: Pyrilia pulchra | D69: Rose-faced Parrot | F69: 6 | G69: Colombia | H69: Choc√≥ | I69: 5.615531 | J69: -77.428772 | K69: 44755 | L69: obsr169881 | M69: 1 | N69: URN:CornellLabOfOrnithology:EBIRD:OBS1486652509 | O69: Manacus2022_Manacus expedition LSU-Humboldt Institute 2022. Valeria and Glenn woke at 4 and hiked down beach to meet Andre at Termales. We then walked down path towards Playa Terco and met our guide Guere Guere at his house. A colorful older gentleman from Bogota [AEM edit: from Medellin I think] and former world traveler living a bit of a retired pirate‚Äôs life. Walked down beach and took a side path to reach Quebrada El Terco. A gentle, sandy stream through excellent forest. Shallow enough for boots for the most part. Where the valley narrowed we took a side trail up to a ridge that connected with the trails of El Cantil lodge and explored a bit up there. We returned to the steam around 10 and walked a short ways further up the stream to an impressive cascade with a small pool for swimming. Guere Guere went in his birthday suit; Andre, Valeria, y yo were a bit more modest.
A70: 12328 | B70: species | C70: Pionus menstruus | D70: Blue-headed Parrot | F70: 10 | G70: Colombia | H70: Choc√≥ | I70: 5.615531 | J70: -77.428772 | K70: 44755 | L70: obsr169881 | M70: 0 | N70: URN:CornellLabOfOrnithology:EBIRD:OBS1486652536 | O70: Manacus2022_Manacus expedition LSU-Humboldt Institute 2022. Valeria and Glenn woke at 4 and hiked down beach to meet Andre at Termales. We then walked down path towards Playa Terco and met our guide Guere Guere at his house. A colorful older gentleman from Bogota [AEM edit: from Medellin I think] and former world traveler living a bit of a retired pirate‚Äôs life. Walked down beach and took a side path to reach Quebrada El Terco. A gentle, sandy stream through excellent forest. Shallow enough for boots for the most part. Where the valley narrowed we took a side trail up to a ridge that connected with the trails of El Cantil lodge and explored a bit up there. We returned to the steam around 10 and walked a short ways further up the stream to an impressive cascade with a small pool for swimming. Guere Guere went in his birthday suit; Andre, Valeria, y yo were a bit more modest.
A71: 12328 | B71: species | C71: Pionus menstruus | D71: Blue-headed Parrot | F71: 15 | G71: Colombia | H71: Choc√≥ | I71: 5.603758 | J71: -77.437378 | K71: 44759 | L71: obsr169881 | M71: 0 | N71: URN:CornellLabOfOrnithology:EBIRD:OBS1481741370 | O71: Manacus2022_Manacus expedition LSU-Humboldt Institute 2022. Sendero cuatro encantos. After setting up nets by Phaethornis lek. With Salma. Stopped along trail for breakfast at 930. Walking very slow, doing playback for various species. Recording. Joined at end by Diego, Valentina, Mori, and Callito (Diego had his own list running). Started at nets, walked up trail, ended count back at nets.
A72: 12328 | B72: species | C72: Pionus menstruus | D72: Blue-headed Parrot | F72: 2 | G72: Colombia | H72: Choc√≥ | I72: 5.5712682 | J72: -77.501856 | K72: 44761 | L72: obsr436508 | M72: 0 | N72: URN:CornellLabOfOrnithology:EBIRD:OBS1498845117 | O72: Manacus2022_
A73: 12328 | B73: species | C73: Pionus menstruus | D73: Blue-headed Parrot | F73: 2 | G73: Colombia | H73: Choc√≥ | I73: 5.606129 | J73: -77.441643 | K73: 44760 | L73: obsr169881 | M73: 0 | N73: URN:CornellLabOfOrnithology:EBIRD:OBS1481750372 | O73: Manacus2022_Manacus expedition LSU-Humboldt Institute 2022. With Diego, Sebastian, and Maira. Started at our lodging and walked to beach.
A74: 12328 | B74: species | C74: Pionus menstruus | D74: Blue-headed Parrot | F74: 2 | G74: Colombia | H74: Choc√≥ | I74: 5.606129 | J74: -77.441643 | K74: 44760 | L74: obsr436508 | M74: 0 | N74: URN:CornellLabOfOrnithology:EBIRD:OBS1505239315 | O74: Manacus2022_Manacus expedition LSU-Humboldt Institute 2022. With Diego, Sebastian, and Maira. Started at our lodging and walked to beach.
A75: 12328 | B75: species | C75: Pionus menstruus | D75: Blue-headed Parrot | F75: 2 | G75: Colombia | H75: Choc√≥ | I75: 5.606129 | J75: -77.441643 | K75: 44760 | L75: obsr792981 | M75: 0 | N75: URN:CornellLabOfOrnithology:EBIRD:OBS1504763054
A76: 12328 | B76: species | C76: Pionus menstruus | D76: Blue-headed Parrot | F76: 2 | G76: Colombia | H76: Choc√≥ | I76: 5.6121815 | J76: -77.434699 | K76: 44759 | L76: obsr792981 | M76: 0 | N76: URN:CornellLabOfOrnithology:EBIRD:OBS1485333033
A77: 12328 | B77: species | C77: Pionus menstruus | D77: Blue-headed Parrot | F77: 2 | G77: Colombia | H77: Choc√≥ | I77: 5.616211 | J77: -77.429894 | K77: 44758 | L77: obsr169881 | M77: 0 | N77: URN:CornellLabOfOrnithology:EBIRD:OBS1486652591 | O77: Manacus2022_Manacus expedition LSU-Humboldt Institute 2022.
A78: 12328 | B78: species | C78: Pionus menstruus | D78: Blue-headed Parrot | F78: 2 | G78: Colombia | H78: Choc√≥ | I78: 5.616211 | J78: -77.429894 | K78: 44758 | L78: obsr436508 | M78: 0 | N78: URN:CornellLabOfOrnithology:EBIRD:OBS1480640794 | O78: Manacus2022_
A79: 12328 | B79: species | C79: Pionus menstruus | D79: Blue-headed Parrot | F79: 3 | G79: Colombia | H79: Choc√≥ | I79: 5.574783 | J79: -77.495739 | K79: 44762 | L79: obsr169881 | M79: 0 | N79: URN:CornellLabOfOrnithology:EBIRD:OBS1483079693 | O79: Manacus2022_Manacus expedition LSU-Humboldt Institute 2022. FYI had one earlier observation this morning: an incidental on hike out to nets on Camino to Rio Arusisito. It was a recording of a high pitched song. Started current list at far nets on Camino to Rio Arusisito. With Sammy as guide. Stopped list when torrential rain started.
A80: 12328 | B80: species | C80: Pionus menstruus | D80: Blue-headed Parrot | F80: 30 | G80: Colombia | H80: Choc√≥ | I80: 5.603758 | J80: -77.437378 | K80: 44759 | L80: obsr169881 | M80: 1 | N80: URN:CornellLabOfOrnithology:EBIRD:OBS1481739839 | O80: Manacus2022_Manacus expedition LSU-Humboldt Institute 2022. With Diego Cueva, Valentina Nieto, Mori, Salma, and Callito. From town to early section of the camino cuatro encantos.
A81: 12328 | B81: species | C81: Pionus menstruus | D81: Blue-headed Parrot | F81: 30 | G81: Colombia | H81: Choc√≥ | I81: 5.603758 | J81: -77.437378 | K81: 44759 | L81: obsr436508 | M81: 1 | N81: URN:CornellLabOfOrnithology:EBIRD:OBS1505239336 | O81: Manacus2022_Manacus expedition LSU-Humboldt Institute 2022. With Diego Cueva, Valentina Nieto, Mori, Salma, and Callito. From town to early section of the camino cuatro encantos.
A82: 12328 | B82: species | C82: Pionus menstruus | D82: Blue-headed Parrot | F82: 4 | G82: Colombia | H82: Choc√≥ | I82: 5.5747497 | J82: -77.498879 | K82: 44760 | L82: obsr792981 | M82: 0 | N82: URN:CornellLabOfOrnithology:EBIRD:OBS1484890073
A83: 12328 | B83: species | C83: Pionus menstruus | D83: Blue-headed Parrot | F83: 4 | G83: Colombia | H83: Choc√≥ | I83: 5.616211 | J83: -77.429894 | K83: 44757 | L83: obsr436508 | M83: 0 | N83: URN:CornellLabOfOrnithology:EBIRD:OBS1480636754 | O83: Manacus2022_
A84: 12328 | B84: species | C84: Pionus menstruus | D84: Blue-headed Parrot | F84: 5 | G84: Colombia | H84: Choc√≥ | I84: 5.5748063 | J84: -77.497723 | K84: 44761 | L84: obsr792981 | M84: 0 | N84: URN:CornellLabOfOrnithology:EBIRD:OBS1484896710
A85: 12328 | B85: species | C85: Pionus menstruus | D85: Blue-headed Parrot | F85: 6 | G85: Colombia | H85: Choc√≥ | I85: 5.5992769 | J85: -77.443921 | K85: 44757 | L85: obsr792981 | M85: 0 | N85: URN:CornellLabOfOrnithology:EBIRD:OBS1480700943
A86: 12328 | B86: species | C86: Pionus menstruus | D86: Blue-headed Parrot | F86: 7 | G86: Colombia | H86: Choc√≥ | I86: 5.5996931 | J86: -77.443468 | K86: 44758 | L86: obsr792981 | M86: 0 | N86: URN:CornellLabOfOrnithology:EBIRD:OBS1480701359
A87: 12328 | B87: species | C87: Pionus menstruus | D87: Blue-headed Parrot | F87: 8 | G87: Colombia | H87: Choc√≥ | I87: 5.6008 | J87: -77.44218 | K87: 44757 | L87: obsr169881 | M87: 1 | N87: URN:CornellLabOfOrnithology:EBIRD:OBS1480692962 | O87: Manacus2022_Manacus expedition LSU-Humboldt Institute 2022. After setting up nets. With Salma, Mori, and Callito.
A88: 12328 | B88: species | C88: Pionus menstruus | D88: Blue-headed Parrot | F88: X | G88: Colombia | H88: Choc√≥ | I88: 5.605836 | J88: -77.442063 | K88: 44385 | L88: obsr436508 | M88: 0 | N88: URN:CornellLabOfOrnithology:EBIRD:OBS1199302252
A89: 12347 | B89: species | C89: Amazona autumnalis | D89: Red-lored Parrot | F89: 12 | G89: Colombia | H89: Choc√≥ | I89: 5.606129 | J89: -77.441643 | K89: 44755 | L89: obsr169881 | M89: 1 | N89: URN:CornellLabOfOrnithology:EBIRD:OBS1503431847 | O89: Manacus2022_Manacus expedition LSU-Humboldt Institute 2022. Walk along Termales beach with Sebastian and Maira--never left the sand. Ended on the south side of Termales near the river mouth.
A90: 12347 | B90: species | C90: Amazona autumnalis | D90: Red-lored Parrot | F90: 12 | G90: Colombia | H90: Choc√≥ | I90: 5.606129 | J90: -77.441643 | K90: 44755 | L90: obsr792981 | M90: 1 | N90: URN:CornellLabOfOrnithology:EBIRD:OBS1503709250
A91: 12347 | B91: species | C91: Amazona autumnalis | D91: Red-lored Parrot | F91: 2 | G91: Colombia | H91: Choc√≥ | I91: 5.5996931 | J91: -77.443468 | K91: 44758 | L91: obsr792981 | M91: 0 | N91: URN:CornellLabOfOrnithology:EBIRD:OBS1480701375
A92: 12347 | B92: species | C92: Amazona autumnalis | D92: Red-lored Parrot | F92: 2 | G92: Colombia | H92: Choc√≥ | I92: 5.6026791 | J92: -77.442741 | K92: 44755 | L92: obsr792981 | M92: 0 | N92: URN:CornellLabOfOrnithology:EBIRD:OBS1485333090
A93: 12347 | B93: species | C93: Amazona autumnalis | D93: Red-lored Parrot | F93: 3 | G93: Colombia | H93: Choc√≥ | I93: 5.6008 | J93: -77.44218 | K93: 44757 | L93: obsr169881 | M93: 1 | N93: URN:CornellLabOfOrnithology:EBIRD:OBS1480692958 | O93: Manacus2022_Manacus expedition LSU-Humboldt Institute 2022. After setting up nets. With Salma, Mori, and Callito.
A94: 12347 | B94: species | C94: Amazona autumnalis | D94: Red-lored Parrot | F94: 4 | G94: Colombia | H94: Choc√≥ | I94: 5.5748063 | J94: -77.497723 | K94: 44761 | L94: obsr792981 | M94: 0 | N94: URN:CornellLabOfOrnithology:EBIRD:OBS1484896712
A95: 12347 | B95: species | C95: Amazona autumnalis | D95: Red-lored Parrot | F95: 5 | G95: Colombia | H95: Choc√≥ | I95: 5.5996931 | J95: -77.443468 | K95: 44755 | L95: obsr792981 | M95: 0 | N95: URN:CornellLabOfOrnithology:EBIRD:OBS1485333085
A96: 12347 | B96: species | C96: Amazona autumnalis | D96: Red-lored Parrot | F96: 6 | G96: Colombia | H96: Choc√≥ | I96: 5.5747497 | J96: -77.498879 | K96: 44760 | L96: obsr792981 | M96: 0 | N96: URN:CornellLabOfOrnithology:EBIRD:OBS1484890070
A97: 12396 | B97: species | C97: Amazona farinosa | D97: Mealy Parrot | F97: 1 | G97: Colombia | H97: Choc√≥ | I97: 5.6033574 | J97: -77.435157 | K97: 44388 | L97: obsr436508 | M97: 0 | N97: URN:CornellLabOfOrnithology:EBIRD:OBS1199322245
A98: 12944 | B98: species | C98: Thamnophilus atrinucha | D98: Black-crowned Antshrike | F98: 1 | G98: Colombia | H98: Choc√≥ | I98: 5.598741 | J98: -77.445042 | K98: 44755 | L98: obsr792981 | M98: 0 | N98: URN:CornellLabOfOrnithology:EBIRD:OBS1485332566
A99: 12944 | B99: species | C99: Thamnophilus atrinucha | D99: Black-crowned Antshrike | F99: 1 | G99: Colombia | H99: Choc√≥ | I99: 5.6008 | J99: -77.44218 | K99: 44757 | L99: obsr169881 | M99: 0 | N99: URN:CornellLabOfOrnithology:EBIRD:OBS1480692960 | O99: Manacus2022_Manacus expedition LSU-Humboldt Institute 2022. After setting up nets. With Salma, Mori, and Callito.
A100: 12944 | B100: species | C100: Thamnophilus atrinucha | D100: Black-crowned Antshrike | F100: 1 | G100: Colombia | H100: Choc√≥ | I100: 5.6033574 | J100: -77.435157 | K100: 44388 | L100: obsr436508 | M100: 0 | N100: URN:CornellLabOfOrnithology:EBIRD:OBS1199322247
...

Sheet Termales
A1: sci_name | B1: tax_order | C1: category | D1: comm_name | E1: exotic | F1: count | G1: country | H1: state | I1: lat | J1: lon | K1: dates | L1: observer | M1: media | N1: gui | O1: comments
A2: Capito maculicoronatus | B2: 10310 | C2: species | D2: Spot-crowned Barbet | F2: X | G2: Colombia | H2: Choc√≥ | I2: 5.5729759 | J2: -77.502419 | K2: 44622 | L2: obsr161341 | M2: 0 | N2: URN:CornellLabOfOrnithology:EBIRD:OBS1360118838 | O2: Birds seen/heard during March 2 ‚Äì 6, 2002 at El Amargal. Birding was not the primary activity in this visit. Lots of rain and cloudy days.
A3: Pteroglossus torquatus | B3: 10407 | C3: species | D3: Collared Aracari | F3: X | G3: Colombia | H3: Choc√≥ | I3: 5.5729759 | J3: -77.502419 | K3: 44622 | L3: obsr161341 | M3: 0 | N3: URN:CornellLabOfOrnithology:EBIRD:OBS1360123133 | O3: Birds seen/heard during March 2 ‚Äì 6, 2002 at El Amargal. Birding was not the primary activity in this visit. Lots of rain and cloudy days.
A4: Ramphastos ambiguus | B4: 10446 | C4: species | D4: Yellow-throated Toucan | F4: 1 | G4: Colombia | H4: Choc√≥ | I4: 5.574783 | J4: -77.495739 | K4: 44762 | L4: obsr169881 | M4: 0 | N4: URN:CornellLabOfOrnithology:EBIRD:OBS1483079698 | O4: Manacus2022_Manacus expedition LSU-Humboldt Institute 2022. FYI had one earlier observation this morning: an incidental on hike out to nets on Camino to Rio Arusisito. It was a recording of a high pitched song. Started current list at far nets on Camino to Rio Arusisito. With Sammy as guide. Stopped list when torrential rain started.
A5: Ramphastos ambiguus | B5: 10446 | C5: species | D5: Yellow-throated Toucan | F5: 2 | G5: Colombia | H5: Choc√≥ | I5: 5.5712682 | J5: -77.501856 | K5: 44761 | L5: obsr436508 | M5: 0 | N5: URN:CornellLabOfOrnithology:EBIRD:OBS1498845104 | O5: Manacus2022_
A6: Ramphastos ambiguus | B6: 10446 | C6: species | D6: Yellow-throated Toucan | F6: 2 | G6: Colombia | H6: Choc√≥ | I6: 5.5712682 | J6: -77.501856 | K6: 44761 | L6: obsr803013 | M6: 0 | N6: URN:CornellLabOfOrnithology:EBIRD:OBS1485273560
A7: Ramphastos ambiguus | B7: 10446 | C7: species | D7: Yellow-throated Toucan | F7: 2 | G7: Colombia | H7: Choc√≥ | I7: 5.572016 | J7: -77.498527 | K7: 44760 | L7: obsr169881 | M7: 0 | N7: URN:CornellLabOfOrnithology:EBIRD:OBS1481970787 | O7: Manacus2022_Manacus expedition LSU-Humboldt Institute 2022. El Amargal: camino hasta cuchilla de Arus√≠. With Armancio as guide. Light rain and super quiet overall. After walking up the trail a few hundred meters we turned back and I ended the list a little short of the El Amargal buildings when it was getting dark.
A8: Ramphastos ambiguus | B8: 10446 | C8: species | D8: Yellow-throated Toucan | F8: 2 | G8: Colombia | H8: Choc√≥ | I8: 5.5747881 | J8: -77.498199 | K8: 44761 | L8: obsr792981 | M8: 0 | N8: URN:CornellLabOfOrnithology:EBIRD:OBS1484895809
A9: Ramphastos ambiguus | B9: 10446 | C9: species | D9: Yellow-throated Toucan | F9: 3 | G9: Colombia | H9: Choc√≥ | I9: 5.5747497 | J9: -77.498879 | K9: 44760 | L9: obsr792981 | M9: 0 | N9: URN:CornellLabOfOrnithology:EBIRD:OBS1484890072
A10: Ramphastos ambiguus | B10: 10446 | C10: species | D10: Yellow-throated Toucan | F10: 3 | G10: Colombia | H10: Choc√≥ | I10: 5.5747497 | J10: -77.498879 | K10: 44760 | L10: obsr803013 | M10: 0 | N10: URN:CornellLabOfOrnithology:EBIRD:OBS1485242246
A11: Ramphastos ambiguus | B11: 10446 | C11: species | D11: Yellow-throated Toucan | F11: 4 | G11: Colombia | H11: Choc√≥ | I11: 5.5748063 | J11: -77.497723 | K11: 44761 | L11: obsr792981 | M11: 0 | N11: URN:CornellLabOfOrnithology:EBIRD:OBS1484896705
A12: Ramphastos ambiguus | B12: 10446 | C12: species | D12: Yellow-throated Toucan | F12: X | G12: Colombia | H12: Choc√≥ | I12: 5.5729759 | J12: -77.502419 | K12: 44622 | L12: obsr161341 | M12: 0 | N12: URN:CornellLabOfOrnithology:EBIRD:OBS1360123131 | O12: Birds seen/heard during March 2 ‚Äì 6, 2002 at El Amargal. Birding was not the primary activity in this visit. Lots of rain and cloudy days.
A13: Ramphastos ambiguus | B13: 10446 | C13: species | D13: Yellow-throated Toucan | F13: X | G13: Colombia | H13: Choc√≥ | I13: 5.5781014 | J13: -77.502601 | K13: 42029 | L13: obsr399671 | M13: 0 | N13: URN:CornellLabOfOrnithology:EBIRD:OBS294630821
A14: Ramphastos brevis | B14: 10459 | C14: species | D14: Choco Toucan | F14: 1 | G14: Colombia | H14: Choc√≥ | I14: 5.570735 | J14: -77.497034 | K14: 44762 | L14: obsr436508 | M14: 0 | N14: URN:CornellLabOfOrnithology:EBIRD:OBS1498853137 | O14: Manacus2022_
A15: Ramphastos brevis | B15: 10459 | C15: species | D15: Choco Toucan | F15: 1 | G15: Colombia | H15: Choc√≥ | I15: 5.570735 | J15: -77.497034 | K15: 44762 | L15: obsr803013 | M15: 0 | N15: URN:CornellLabOfOrnithology:EBIRD:OBS1485279860
A16: Ramphastos brevis | B16: 10459 | C16: species | D16: Choco Toucan | F16: 1 | G16: Colombia | H16: Choc√≥ | I16: 5.572016 | J16: -77.498527 | K16: 44761 | L16: obsr169881 | M16: 1 | N16: URN:CornellLabOfOrnithology:EBIRD:OBS1482382050 | O16: Manacus2022_Manacus expedition LSU-Humboldt Institute 2022. With Armancio as guide, we started at the El Amargal clearing then walked the Camino hasta Cuchilla de Arus√≠. Ending at clearing near the cuchilla (ridgetop) where we ate breakfast and hung out for a while. Good lighting and open views there for some canopy birds.
A17: Ramphastos brevis | B17: 10459 | C17: species | D17: Choco Toucan | F17: 1 | G17: Colombia | H17: Choc√≥ | I17: 5.5748063 | J17: -77.497723 | K17: 44761 | L17: obsr792981 | M17: 0 | N17: URN:CornellLabOfOrnithology:EBIRD:OBS1484896714
A18: Ramphastos brevis | B18: 10459 | C18: species | D18: Choco Toucan | F18: 2 | G18: Colombia | H18: Choc√≥ | I18: 5.5712682 | J18: -77.501856 | K18: 44761 | L18: obsr436508 | M18: 0 | N18: URN:CornellLabOfOrnithology:EBIRD:OBS1498845119 | O18: Manacus2022_
A19: Ramphastos brevis | B19: 10459 | C19: species | D19: Choco Toucan | F19: 2 | G19: Colombia | H19: Choc√≥ | I19: 5.5712682 | J19: -77.501856 | K19: 44761 | L19: obsr803013 | M19: 0 | N19: URN:CornellLabOfOrnithology:EBIRD:OBS1485273575
A20: Ramphastos brevis | B20: 10459 | C20: species | D20: Choco Toucan | F20: 2 | G20: Colombia | H20: Choc√≥ | I20: 5.5729971 | J20: -77.498555 | K20: 44762 | L20: obsr792981 | M20: 0 | N20: URN:CornellLabOfOrnithology:EBIRD:OBS1484893433
A21: Ramphastos brevis | B21: 10459 | C21: species | D21: Choco Toucan | F21: 2 | G21: Colombia | H21: Choc√≥ | I21: 5.574783 | J21: -77.495739 | K21: 44762 | L21: obsr169881 | M21: 0 | N21: URN:CornellLabOfOrnithology:EBIRD:OBS1483079690 | O21: Manacus2022_Manacus expedition LSU-Humboldt Institute 2022. FYI had one earlier observation this morning: an incidental on hike out to nets on Camino to Rio Arusisito. It was a recording of a high pitched song. Started current list at far nets on Camino to Rio Arusisito. With Sammy as guide. Stopped list when torrential rain started.
A22: Ramphastos brevis | B22: 10459 | C22: species | D22: Choco Toucan | F22: X | G22: Colombia | H22: Choc√≥ | I22: 5.5729759 | J22: -77.502419 | K22: 44622 | L22: obsr161341 | M22: 0 | N22: URN:CornellLabOfOrnithology:EBIRD:OBS1360123138 | O22: Birds seen/heard during March 2 ‚Äì 6, 2002 at El Amargal. Birding was not the primary activity in this visit. Lots of rain and cloudy days.
A23: Ramphastos brevis | B23: 10459 | C23: species | D23: Choco Toucan | F23: X | G23: Colombia | H23: Choc√≥ | I23: 5.5781014 | J23: -77.502601 | K23: 42029 | L23: obsr399671 | M23: 0 | N23: URN:CornellLabOfOrnithology:EBIRD:OBS294630855
A24: Melanerpes pucherani | B24: 10668 | C24: species | D24: Black-cheeked Woodpecker | F24: 1 | G24: Colombia | H24: Choc√≥ | I24: 5.570735 | J24: -77.497034 | K24: 44762 | L24: obsr436508 | M24: 0 | N24: URN:CornellLabOfOrnithology:EBIRD:OBS1498853134 | O24: Manacus2022_
A25: Melanerpes pucherani | B25: 10668 | C25: species | D25: Black-cheeked Woodpecker | F25: 1 | G25: Colombia | H25: Choc√≥ | I25: 5.570735 | J25: -77.497034 | K25: 44762 | L25: obsr803013 | M25: 0 | N25: URN:CornellLabOfOrnithology:EBIRD:OBS1485279857
A26: Melanerpes pucherani | B26: 10668 | C26: species | D26: Black-cheeked Woodpecker | F26: 1 | G26: Colombia | H26: Choc√≥ | I26: 5.5712682 | J26: -77.501856 | K26: 44761 | L26: obsr436508 | M26: 1 | N26: URN:CornellLabOfOrnithology:EBIRD:OBS1498845107 | O26: Manacus2022_
A27: Melanerpes pucherani | B27: 10668 | C27: species | D27: Black-cheeked Woodpecker | F27: 1 | G27: Colombia | H27: Choc√≥ | I27: 5.5712682 | J27: -77.501856 | K27: 44761 | L27: obsr803013 | M27: 1 | N27: URN:CornellLabOfOrnithology:EBIRD:OBS1485273563
A28: Melanerpes pucherani | B28: 10668 | C28: species | D28: Black-cheeked Woodpecker | F28: 1 | G28: Colombia | H28: Choc√≥ | I28: 5.572016 | J28: -77.498527 | K28: 44761 | L28: obsr169881 | M28: 0 | N28: URN:CornellLabOfOrnithology:EBIRD:OBS1482382049 | O28: Manacus2022_Manacus expedition LSU-Humboldt Institute 2022. With Armancio as guide, we started at the El Amargal clearing then walked the Camino hasta Cuchilla de Arus√≠. Ending at clearing near the cuchilla (ridgetop) where we ate breakfast and hung out for a while. Good lighting and open views there for some canopy birds.
A29: Melanerpes pucherani | B29: 10668 | C29: species | D29: Black-cheeked Woodpecker | F29: 2 | G29: Colombia | H29: Choc√≥ | I29: 5.5729971 | J29: -77.498555 | K29: 44762 | L29: obsr792981 | M29: 0 | N29: URN:CornellLabOfOrnithology:EBIRD:OBS1484893428
A30: Melanerpes pucherani | B30: 10668 | C30: species | D30: Black-cheeked Woodpecker | F30: 2 | G30: Colombia | H30: Choc√≥ | I30: 5.573303 | J30: -77.501771 | K30: 44762 | L30: obsr169881 | M30: 0 | N30: URN:CornellLabOfOrnithology:EBIRD:OBS1505744129 | O30: Manacus2022_ Really nice flock right at the El Amargal clearing! And a bonus Brown Booby flyby.
A31: Melanerpes pucherani | B31: 10668 | C31: species | D31: Black-cheeked Woodpecker | F31: 2 | G31: Colombia | H31: Choc√≥ | I31: 5.573303 | J31: -77.501771 | K31: 44762 | L31: obsr792981 | M31: 0 | N31: URN:CornellLabOfOrnithology:EBIRD:OBS1484890932
A32: Melanerpes pucherani | B32: 10668 | C32: species | D32: Black-cheeked Woodpecker | F32: 2 | G32: Colombia | H32: Choc√≥ | I32: 5.573303 | J32: -77.501771 | K32: 44762 | L32: obsr803013 | M32: 0 | N32: URN:CornellLabOfOrnithology:EBIRD:OBS1485242232
A33: Melanerpes pucherani | B33: 10668 | C33: species | D33: Black-cheeked Woodpecker | F33: X | G33: Colombia | H33: Choc√≥ | I33: 5.5781014 | J33: -77.502601 | K33: 42029 | L33: obsr399671 | M33: 0 | N33: URN:CornellLabOfOrnithology:EBIRD:OBS294630830
A34: Crypturellus kerriae | B34: 110 | C34: species | D34: Choco Tinamou | F34: X | G34: Colombia | H34: Choc√≥ | I34: 5.5729759 | J34: -77.502419 | K34: 44622 | L34: obsr161341 | M34: 0 | N34: URN:CornellLabOfOrnithology:EBIRD:OBS1360123126 | O34: Birds seen/heard during March 2 ‚Äì 6, 2002 at El Amargal. Birding was not the primary activity in this visit. Lots of rain and cloudy days.
A35: Colaptes punctigula | B35: 11356 | C35: species | D35: Spot-breasted Woodpecker | F35: X | G35: Colombia | H35: Choc√≥ | I35: 5.5729759 | J35: -77.502419 | K35: 44622 | L35: obsr161341 | M35: 0 | N35: URN:CornellLabOfOrnithology:EBIRD:OBS1360123135 | O35: Birds seen/heard during March 2 ‚Äì 6, 2002 at El Amargal. Birding was not the primary activity in this visit. Lots of rain and cloudy days.
A36: Ibycter americanus | B36: 11425 | C36: species | D36: Red-throated Caracara | F36: X | G36: Colombia | H36: Choc√≥ | I36: 5.5729759 | J36: -77.502419 | K36: 44622 | L36: obsr161341 | M36: 0 | N36: URN:CornellLabOfOrnithology:EBIRD:OBS1360120810 | O36: Birds seen/heard during March 2 ‚Äì 6, 2002 at El Amargal. Birding was not the primary activity in this visit. Lots of rain and cloudy days.
A37: Falco peregrinus | B37: 11575 | C37: species | D37: Peregrine Falcon | F37: X | G37: Colombia | H37: Choc√≥ | I37: 5.5781014 | J37: -77.502601 | K37: 42029 | L37: obsr399671 | M37: 0 | N37: URN:CornellLabOfOrnithology:EBIRD:OBS294630827
A38: Pyrilia pulchra | B38: 12303 | C38: species | D38: Rose-faced Parrot | F38: 2 | G38: Colombia | H38: Choc√≥ | I38: 5.570735 | J38: -77.497034 | K38: 44762 | L38: obsr436508 | M38: 0 | N38: URN:CornellLabOfOrnithology:EBIRD:OBS1498853142 | O38: Manacus2022_
A39: Pyrilia pulchra | B39: 12303 | C39: species | D39: Rose-faced Parrot | F39: 2 | G39: Colombia | H39: Choc√≥ | I39: 5.570735 | J39: -77.497034 | K39: 44762 | L39: obsr803013 | M39: 0 | N39: URN:CornellLabOfOrnithology:EBIRD:OBS1485279865
A40: Pyrilia pyrilia | B40: 12304 | C40: species | D40: Saffron-headed Parrot | F40: X | G40: Colombia | H40: Choc√≥ | I40: 5.5729759 | J40: -77.502419 | K40: 44622 | L40: obsr161341 | M40: 0 | N40: URN:CornellLabOfOrnithology:EBIRD:OBS1360123137 | O40: Birds seen/heard during March 2 ‚Äì 6, 2002 at El Amargal. Birding was not the primary activity in this visit. Lots of rain and cloudy days.
A41: Pionus menstruus | B41: 12328 | C41: species | D41: Blue-headed Parrot | F41: 2 | G41: Colombia | H41: Choc√≥ | I41: 5.5712682 | J41: -77.501856 | K41: 44761 | L41: obsr436508 | M41: 0 | N41: URN:CornellLabOfOrnithology:EBIRD:OBS1498845117 | O41: Manacus2022_
A42: Pionus menstruus | B42: 12328 | C42: species | D42: Blue-headed Parrot | F42: 2 | G42: Colombia | H42: Choc√≥ | I42: 5.5712682 | J42: -77.501856 | K42: 44761 | L42: obsr803013 | M42: 0 | N42: URN:CornellLabOfOrnithology:EBIRD:OBS1485273573
A43: Pionus menstruus | B43: 12328 | C43: species | D43: Blue-headed Parrot | F43: 3 | G43: Colombia | H43: Choc√≥ | I43: 5.574783 | J43: -77.495739 | K43: 44762 | L43: obsr169881 | M43: 0 | N43: URN:CornellLabOfOrnithology:EBIRD:OBS1483079693 | O43: Manacus2022_Manacus expedition LSU-Humboldt Institute 2022. FYI had one earlier observation this morning: an incidental on hike out to nets on Camino to Rio Arusisito. It was a recording of a high pitched song. Started current list at far nets on Camino to Rio Arusisito. With Sammy as guide. Stopped list when torrential rain started.
A44: Pionus menstruus | B44: 12328 | C44: species | D44: Blue-headed Parrot | F44: 4 | G44: Colombia | H44: Choc√≥ | I44: 5.5747497 | J44: -77.498879 | K44: 44760 | L44: obsr792981 | M44: 0 | N44: URN:CornellLabOfOrnithology:EBIRD:OBS1484890073
A45: Pionus menstruus | B45: 12328 | C45: species | D45: Blue-headed Parrot | F45: 4 | G45: Colombia | H45: Choc√≥ | I45: 5.5747497 | J45: -77.498879 | K45: 44760 | L45: obsr803013 | M45: 0 | N45: URN:CornellLabOfOrnithology:EBIRD:OBS1485242247
A46: Pionus menstruus | B46: 12328 | C46: species | D46: Blue-headed Parrot | F46: 5 | G46: Colombia | H46: Choc√≥ | I46: 5.5748063 | J46: -77.497723 | K46: 44761 | L46: obsr792981 | M46: 0 | N46: URN:CornellLabOfOrnithology:EBIRD:OBS1484896710
A47: Pionus menstruus | B47: 12328 | C47: species | D47: Blue-headed Parrot | F47: X | G47: Colombia | H47: Choc√≥ | I47: 5.5729759 | J47: -77.502419 | K47: 44622 | L47: obsr161341 | M47: 0 | N47: URN:CornellLabOfOrnithology:EBIRD:OBS1360120809 | O47: Birds seen/heard during March 2 ‚Äì 6, 2002 at El Amargal. Birding was not the primary activity in this visit. Lots of rain and cloudy days.
A48: Pionus menstruus | B48: 12328 | C48: species | D48: Blue-headed Parrot | F48: X | G48: Colombia | H48: Choc√≥ | I48: 5.5781014 | J48: -77.502601 | K48: 42029 | L48: obsr399671 | M48: 0 | N48: URN:CornellLabOfOrnithology:EBIRD:OBS294630857
A49: Amazona autumnalis | B49: 12347 | C49: species | D49: Red-lored Parrot | F49: 4 | G49: Colombia | H49: Choc√≥ | I49: 5.5748063 | J49: -77.497723 | K49: 44761 | L49: obsr792981 | M49: 0 | N49: URN:CornellLabOfOrnithology:EBIRD:OBS1484896712
A50: Amazona autumnalis | B50: 12347 | C50: species | D50: Red-lored Parrot | F50: 6 | G50: Colombia | H50: Choc√≥ | I50: 5.5747497 | J50: -77.498879 | K50: 44760 | L50: obsr792981 | M50: 0 | N50: URN:CornellLabOfOrnithology:EBIRD:OBS1484890070
A51: Amazona autumnalis | B51: 12347 | C51: species | D51: Red-lored Parrot | F51: 6 | G51: Colombia | H51: Choc√≥ | I51: 5.5747497 | J51: -77.498879 | K51: 44760 | L51: obsr803013 | M51: 0 | N51: URN:CornellLabOfOrnithology:EBIRD:OBS1485242244
A52: Amazona farinosa | B52: 12396 | C52: species | D52: Mealy Parrot | F52: X | G52: Colombia | H52: Choc√≥ | I52: 5.5729759 | J52: -77.502419 | K52: 44622 | L52: obsr161341 | M52: 0 | N52: URN:CornellLabOfOrnithology:EBIRD:OBS1360123132 | O52: Birds seen/heard during March 2 ‚Äì 6, 2002 at El Amargal. Birding was not the primary activity in this visit. Lots of rain and cloudy days.
A53: Amazona farinosa | B53: 12396 | C53: species | D53: Mealy Parrot | F53: X | G53: Colombia | H53: Choc√≥ | I53: 5.5781014 | J53: -77.502601 | K53: 42029 | L53: obsr399671 | M53: 0 | N53: URN:CornellLabOfOrnithology:EBIRD:OBS294630815
A54: Thamnophilus atrinucha | B54: 12944 | C54: species | D54: Black-crowned Antshrike | F54: 2 | G54: Colombia | H54: Choc√≥ | I54: 5.570735 | J54: -77.497034 | K54: 44762 | L54: obsr436508 | M54: 0 | N54: URN:CornellLabOfOrnithology:EBIRD:OBS1498853138 | O54: Manacus2022_
A55: Thamnophilus atrinucha | B55: 12944 | C55: species | D55: Black-crowned Antshrike | F55: 2 | G55: Colombia | H55: Choc√≥ | I55: 5.570735 | J55: -77.497034 | K55: 44762 | L55: obsr803013 | M55: 0 | N55: URN:CornellLabOfOrnithology:EBIRD:OBS1485279861
A56: Thamnophilus atrinucha | B56: 12944 | C56: species | D56: Black-crowned Antshrike | F56: 2 | G56: Colombia | H56: Choc√≥ | I56: 5.572016 | J56: -77.498527 | K56: 44761 | L56: obsr169881 | M56: 0 | N56: URN:CornellLabOfOrnithology:EBIRD:OBS1482382036 | O56: Manacus2022_Manacus expedition LSU-Humboldt Institute 2022. With Armancio as guide, we started at the El Amargal clearing then walked the Camino hasta Cuchilla de Arus√≠. Ending at clearing near the cuchilla (ridgetop) where we ate breakfast and hung out for a while. Good lighting and open views there for some canopy birds.
A57: Thamnophilus atrinucha | B57: 12944 | C57: species | D57: Black-crowned Antshrike | F57: 2 | G57: Colombia | H57: Choc√≥ | I57: 5.572506 | J57: -77.499366 | K57: 44761 | L57: obsr169881 | M57: 0 | N57: URN:CornellLabOfOrnithology:EBIRD:OBS1482380216 | O57: Manacus2022_Manacus expedition LSU-Humboldt Institute 2022. With Armancio. Alternate trail back to station. Stopped list back at station clearing.
A58: Thamnophilus atrinucha | B58: 12944 | C58: species | D58: Black-crowned Antshrike | F58: 2 | G58: Colombia | H58: Choc√≥ | I58: 5.5729971 | J58: -77.498555 | K58: 44762 | L58: obsr792981 | M58: 0 | N58: URN:CornellLabOfOrnithology:EBIRD:OBS1484893427
A59: Thamnophilus atrinucha | B59: 12944 | C59: species | D59: Black-crowned Antshrike | F59: 2 | G59: Colombia | H59: Choc√≥ | I59: 5.574783 | J59: -77.495739 | K59: 44762 | L59: obsr169881 | M59: 0 | N59: URN:CornellLabOfOrnithology:EBIRD:OBS1483079702 | O59: Manacus2022_Manacus expedition LSU-Humboldt Institute 2022. FYI had one earlier observation this morning: an incidental on hike out to nets on Camino to Rio Arusisito. It was a recording of a high pitched song. Started current list at far nets on Camino to Rio Arusisito. With Sammy as guide. Stopped list when torrential rain started.
A60: Thamnophilus atrinucha | B60: 12944 | C60: species | D60: Black-crowned Antshrike | F60: 2 | G60: Colombia | H60: Choc√≥ | I60: 5.5747881 | J60: -77.498199 | K60: 44761 | L60: obsr792981 | M60: 0 | N60: URN:CornellLabOfOrnithology:EBIRD:OBS1484895813
A61: Thamnophilus atrinucha | B61: 12944 | C61: species | D61: Black-crowned Antshrike | F61: 3 | G61: Colombia | H61: Choc√≥ | I61: 5.5748063 | J61: -77.497723 | K61: 44761 | L61: obsr792981 | M61: 0 | N61: URN:CornellLabOfOrnithology:EBIRD:OBS1484896709
A62: Thamnophilus atrinucha | B62: 12944 | C62: species | D62: Black-crowned Antshrike | F62: 5 | G62: Colombia | H62: Choc√≥ | I62: 5.5712682 | J62: -77.501856 | K62: 44761 | L62: obsr436508 | M62: 0 | N62: URN:CornellLabOfOrnithology:EBIRD:OBS1498845112 | O62: Manacus2022_
A63: Thamnophilus atrinucha | B63: 12944 | C63: species | D63: Black-crowned Antshrike | F63: 5 | G63: Colombia | H63: Choc√≥ | I63: 5.5712682 | J63: -77.501856 | K63: 44761 | L63: obsr803013 | M63: 0 | N63: URN:CornellLabOfOrnithology:EBIRD:OBS1485273568
A64: Thamnophilus atrinucha | B64: 12944 | C64: species | D64: Black-crowned Antshrike | F64: X | G64: Colombia | H64: Choc√≥ | I64: 5.5729759 | J64: -77.502419 | K64: 44622 | L64: obsr161341 | M64: 0 | N64: URN:CornellLabOfOrnithology:EBIRD:OBS1360123134 | O64: Birds seen/heard during March 2 ‚Äì 6, 2002 at El Amargal. Birding was not the primary activity in this visit. Lots of rain and cloudy days.
A65: Thamnophilus atrinucha | B65: 12944 | C65: species | D65: Black-crowned Antshrike | F65: X | G65: Colombia | H65: Choc√≥ | I65: 5.5781014 | J65: -77.502601 | K65: 42029 | L65: obsr399671 | M65: 0 | N65: URN:CornellLabOfOrnithology:EBIRD:OBS294630831
A66: Dysithamnus puncticeps | B66: 13055 | C66: species | D66: Spot-crowned Antvireo | F66: X | G66: Colombia | H66: Choc√≥ | I66: 5.5729759 | J66: -77.502419 | K66: 44622 | L66: obsr161341 | M66: 0 | N66: URN:CornellLabOfOrnithology:EBIRD:OBS1360123123 | O66: Birds seen/heard during March 2 ‚Äì 6, 2002 at El Amargal. Birding was not the primary activity in this visit. Lots of rain and cloudy days.
A67: Epinecrophylla fulviventris | B67: 13093 | C67: species | D67: Checker-throated Stipplethroat | F67: 1 | G67: Colombia | H67: Choc√≥ | I67: 5.5717581 | J67: -77.498705 | K67: 44762 | L67: obsr436508 | M67: 0 | N67: URN:CornellLabOfOrnithology:EBIRD:OBS1498853147 | O67: Manacus2022_
A68: Epinecrophylla fulviventris | B68: 13093 | C68: species | D68: Checker-throated Stipplethroat | F68: 1 | G68: Colombia | H68: Choc√≥ | I68: 5.5717581 | J68: -77.498705 | K68: 44762 | L68: obsr803013 | M68: 0 | N68: URN:CornellLabOfOrnithology:EBIRD:OBS1485272804
A69: Epinecrophylla fulviventris | B69: 13093 | C69: species | D69: Checker-throated Stipplethroat | F69: 1 | G69: Colombia | H69: Choc√≥ | I69: 5.572506 | J69: -77.499366 | K69: 44761 | L69: obsr169881 | M69: 1 | N69: URN:CornellLabOfOrnithology:EBIRD:OBS1482380218 | O69: Manacus2022_Manacus expedition LSU-Humboldt Institute 2022. With Armancio. Alternate trail back to station. Stopped list back at station clearing.
A70: Myrmotherula pacifica | B70: 13131 | C70: species | D70: Pacific Antwren | F70: X | G70: Colombia | H70: Choc√≥ | I70: 5.5729759 | J70: -77.502419 | K70: 44622 | L70: obsr161341 | M70: 0 | N70: URN:CornellLabOfOrnithology:EBIRD:OBS1360119125 | O70: Birds seen/heard during March 2 ‚Äì 6, 2002 at El Amargal. Birding was not the primary activity in this visit. Lots of rain and cloudy days.
A71: Myrmotherula pacifica | B71: 13131 | C71: species | D71: Pacific Antwren | F71: X | G71: Colombia | H71: Choc√≥ | I71: 5.5781014 | J71: -77.502601 | K71: 42029 | L71: obsr399671 | M71: 0 | N71: URN:CornellLabOfOrnithology:EBIRD:OBS294630859
A72: Myrmotherula axillaris | B72: 13139 | C72: species | D72: White-flanked Antwren | F72: X | G72: Colombia | H72: Choc√≥ | I72: 5.5729759 | J72: -77.502419 | K72: 44622 | L72: obsr161341 | M72: 0 | N72: URN:CornellLabOfOrnithology:EBIRD:OBS1360120797 | O72: Birds seen/heard during March 2 ‚Äì 6, 2002 at El Amargal. Birding was not the primary activity in this visit. Lots of rain and cloudy days.
A73: Microrhopias quixensis | B73: 13217 | C73: species | D73: Dot-winged Antwren | F73: X | G73: Colombia | H73: Choc√≥ | I73: 5.5781014 | J73: -77.502601 | K73: 42029 | L73: obsr399671 | M73: 0 | N73: URN:CornellLabOfOrnithology:EBIRD:OBS294630823
A74: Cercomacroides tyrannina | B74: 13305 | C74: species | D74: Dusky Antbird | F74: 2 | G74: Colombia | H74: Choc√≥ | I74: 5.5748063 | J74: -77.497723 | K74: 44761 | L74: obsr792981 | M74: 0 | N74: URN:CornellLabOfOrnithology:EBIRD:OBS1484896728
A75: Poliocrania exsul | B75: 13414 | C75: species | D75: Chestnut-backed Antbird | F75: 1 | G75: Colombia | H75: Choc√≥ | I75: 5.572506 | J75: -77.499366 | K75: 44761 | L75: obsr169881 | M75: 0 | N75: URN:CornellLabOfOrnithology:EBIRD:OBS1482380206 | O75: Manacus2022_Manacus expedition LSU-Humboldt Institute 2022. Just east of El Amargal on river trail.
A76: Poliocrania exsul | B76: 13414 | C76: species | D76: Chestnut-backed Antbird | F76: 1 | G76: Colombia | H76: Choc√≥ | I76: 5.572506 | J76: -77.499366 | K76: 44761 | L76: obsr169881 | M76: 0 | N76: URN:CornellLabOfOrnithology:EBIRD:OBS1482380217 | O76: Manacus2022_Manacus expedition LSU-Humboldt Institute 2022. With Armancio. Alternate trail back to station. Stopped list back at station clearing.
A77: Poliocrania exsul | B77: 13414 | C77: species | D77: Chestnut-backed Antbird | F77: 2 | G77: Colombia | H77: Choc√≥ | I77: 5.570735 | J77: -77.497034 | K77: 44762 | L77: obsr436508 | M77: 0 | N77: URN:CornellLabOfOrnithology:EBIRD:OBS1498853126 | O77: Manacus2022_
A78: Poliocrania exsul | B78: 13414 | C78: species | D78: Chestnut-backed Antbird | F78: 2 | G78: Colombia | H78: Choc√≥ | I78: 5.570735 | J78: -77.497034 | K78: 44762 | L78: obsr803013 | M78: 0 | N78: URN:CornellLabOfOrnithology:EBIRD:OBS1485279849
A79: Poliocrania exsul | B79: 13414 | C79: species | D79: Chestnut-backed Antbird | F79: 2 | G79: Colombia | H79: Choc√≥ | I79: 5.5712682 | J79: -77.501856 | K79: 44761 | L79: obsr436508 | M79: 0 | N79: URN:CornellLabOfOrnithology:EBIRD:OBS1498845106 | O79: Manacus2022_
A80: Poliocrania exsul | B80: 13414 | C80: species | D80: Chestnut-backed Antbird | F80: 2 | G80: Colombia | H80: Choc√≥ | I80: 5.5712682 | J80: -77.501856 | K80: 44761 | L80: obsr803013 | M80: 0 | N80: URN:CornellLabOfOrnithology:EBIRD:OBS1485273562
A81: Poliocrania exsul | B81: 13414 | C81: species | D81: Chestnut-backed Antbird | F81: 2 | G81: Colombia | H81: Choc√≥ | I81: 5.572016 | J81: -77.498527 | K81: 44760 | L81: obsr169881 | M81: 0 | N81: URN:CornellLabOfOrnithology:EBIRD:OBS1481970789 | O81: Manacus2022_Manacus expedition LSU-Humboldt Institute 2022. El Amargal: camino hasta cuchilla de Arus√≠. With Armancio as guide. Light rain and super quiet overall. After walking up the trail a few hundred meters we turned back and I ended the list a little short of the El Amargal buildings when it was getting dark.
A82: Poliocrania exsul | B82: 13414 | C82: species | D82: Chestnut-backed Antbird | F82: 2 | G82: Colombia | H82: Choc√≥ | I82: 5.5729971 | J82: -77.498555 | K82: 44762 | L82: obsr792981 | M82: 0 | N82: URN:CornellLabOfOrnithology:EBIRD:OBS1484893423
A83: Poliocrania exsul | B83: 13414 | C83: species | D83: Chestnut-backed Antbird | F83: 2 | G83: Colombia | H83: Choc√≥ | I83: 5.5747497 | J83: -77.498879 | K83: 44760 | L83: obsr792981 | M83: 0 | N83: URN:CornellLabOfOrnithology:EBIRD:OBS1484890071
A84: Poliocrania exsul | B84: 13414 | C84: species | D84: Chestnut-backed Antbird | F84: 2 | G84: Colombia | H84: Choc√≥ | I84: 5.5747497 | J84: -77.498879 | K84: 44760 | L84: obsr803013 | M84: 0 | N84: URN:CornellLabOfOrnithology:EBIRD:OBS1485242245
A85: Poliocrania exsul | B85: 13414 | C85: species | D85: Chestnut-backed Antbird | F85: 2 | G85: Colombia | H85: Choc√≥ | I85: 5.5747881 | J85: -77.498199 | K85: 44761 | L85: obsr792981 | M85: 0 | N85: URN:CornellLabOfOrnithology:EBIRD:OBS1484895810
A86: Poliocrania exsul | B86: 13414 | C86: species | D86: Chestnut-backed Antbird | F86: 2 | G86: Colombia | H86: Choc√≥ | I86: 5.5748063 | J86: -77.497723 | K86: 44761 | L86: obsr792981 | M86: 0 | N86: URN:CornellLabOfOrnithology:EBIRD:OBS1484896715
A87: Poliocrania exsul | B87: 13414 | C87: species | D87: Chestnut-backed Antbird | F87: 4 | G87: Colombia | H87: Choc√≥ | I87: 5.572016 | J87: -77.498527 | K87: 44761 | L87: obsr169881 | M87: 0 | N87: URN:CornellLabOfOrnithology:EBIRD:OBS1482382051 | O87: Manacus2022_Manacus expedition LSU-Humboldt Institute 2022. With Armancio as guide, we started at the El Amargal clearing then walked the Camino hasta Cuchilla de Arus√≠. Ending at clearing near the cuchilla (ridgetop) where we ate breakfast and hung out for a while. Good lighting and open views there for some canopy birds.
A88: Poliocrania exsul | B88: 13414 | C88: species | D88: Chestnut-backed Antbird | F88: 5 | G88: Colombia | H88: Choc√≥ | I88: 5.574783 | J88: -77.495739 | K88: 44762 | L88: obsr169881 | M88: 0 | N88: URN:CornellLabOfOrnithology:EBIRD:OBS1483079696 | O88: Manacus2022_Manacus expedition LSU-Humboldt Institute 2022. FYI had one earlier observation this morning: an incidental on hike out to nets on Camino to Rio Arusisito. It was a recording of a high pitched song. Started current list at far nets on Camino to Rio Arusisito. With Sammy as guide. Stopped list when torrential rain started.
A89: Poliocrania exsul | B89: 13414 | C89: species | D89: Chestnut-backed Antbird | F89: X | G89: Colombia | H89: Choc√≥ | I89: 5.5781014 | J89: -77.502601 | K89: 42029 | L89: obsr399671 | M89: 0 | N89: URN:CornellLabOfOrnithology:EBIRD:OBS294630853
A90: Gymnopithys bicolor | B90: 13470 | C90: species | D90: Bicolored Antbird | F90: 1 | G90: Colombia | H90: Choc√≥ | I90: 5.572016 | J90: -77.498527 | K90: 44760 | L90: obsr169881 | M90: 0 | N90: URN:CornellLabOfOrnithology:EBIRD:OBS1481970790 | O90: Manacus2022_Manacus expedition LSU-Humboldt Institute 2022. El Amargal: camino hasta cuchilla de Arus√≠. With Armancio as guide. Light rain and super quiet overall. After walking up the trail a few hundred meters we turned back and I ended the list a little short of the El Amargal buildings when it was getting dark.
A91: Gymnopithys bicolor | B91: 13470 | C91: species | D91: Bicolored Antbird | F91: 1 | G91: Colombia | H91: Choc√≥ | I91: 5.5748063 | J91: -77.497723 | K91: 44761 | L91: obsr792981 | M91: 0 | N91: URN:CornellLabOfOrnithology:EBIRD:OBS1484896727
A92: Gymnopithys bicolor | B92: 13470 | C92: species | D92: Bicolored Antbird | F92: X | G92: Colombia | H92: Choc√≥ | I92: 5.5729759 | J92: -77.502419 | K92: 44622 | L92: obsr161341 | M92: 0 | N92: URN:CornellLabOfOrnithology:EBIRD:OBS1360118837 | O92: Birds seen/heard during March 2 ‚Äì 6, 2002 at El Amargal. Birding was not the primary activity in this visit. Lots of rain and cloudy days.
A93: Hylophylax naevioides | B93: 13495 | C93: species | D93: Spotted Antbird | F93: 1 | G93: Colombia | H93: Choc√≥ | I93: 5.572506 | J93: -77.499366 | K93: 44761 | L93: obsr169881 | M93: 1 | N93: URN:CornellLabOfOrnithology:EBIRD:OBS1482380214 | O93: Manacus2022_Manacus expedition LSU-Humboldt Institute 2022. With Armancio. Alternate trail back to station. Stopped list back at station clearing.
A94: Hylophylax naevioides | B94: 13495 | C94: species | D94: Spotted Antbird | F94: 2 | G94: Colombia | H94: Choc√≥ | I94: 5.5729971 | J94: -77.498555 | K94: 44762 | L94: obsr792981 | M94: 0 | N94: URN:CornellLabOfOrnithology:EBIRD:OBS1484893432
A95: Hylophylax naevioides | B95: 13495 | C95: species | D95: Spotted Antbird | F95: 2 | G95: Colombia | H95: Choc√≥ | I95: 5.5748063 | J95: -77.497723 | K95: 44761 | L95: obsr792981 | M95: 0 | N95: URN:CornellLabOfOrnithology:EBIRD:OBS1484896726
A96: Hylophylax naevioides | B96: 13495 | C96: species | D96: Spotted Antbird | F96: X | G96: Colombia | H96: Choc√≥ | I96: 5.5729759 | J96: -77.502419 | K96: 44622 | L96: obsr161341 | M96: 0 | N96: URN:CornellLabOfOrnithology:EBIRD:OBS1360123130 | O96: Birds seen/heard during March 2 ‚Äì 6, 2002 at El Amargal. Birding was not the primary activity in this visit. Lots of rain and cloudy days.
A97: Myrmothera dives | B97: 13701 | C97: species | D97: Thicket Antpitta | F97: 1 | G97: Colombia | H97: Choc√≥ | I97: 5.5748063 | J97: -77.497723 | K97: 44761 | L97: obsr792981 | M97: 0 | N97: URN:CornellLabOfOrnithology:EBIRD:OBS1484896711
A98: Myrmothera dives | B98: 13701 | C98: species | D98: Thicket Antpitta | F98: X | G98: Colombia | H98: Choc√≥ | I98: 5.5729759 | J98: -77.502419 | K98: 44622 | L98: obsr161341 | M98: 0 | N98: URN:CornellLabOfOrnithology:EBIRD:OBS1360123117 | O98: Birds seen/heard during March 2 ‚Äì 6, 2002 at El Amargal. Birding was not the primary activity in this visit. Lots of rain and cloudy days.
A99: Sittasomus griseicapillus | B99: 13984 | C99: species | D99: Olivaceous Woodcreeper | F99: X | G99: Colombia | H99: Choc√≥ | I99: 5.5729759 | J99: -77.502419 | K99: 44622 | L99: obsr161341 | M99: 0 | N99: URN:CornellLabOfOrnithology:EBIRD:OBS1360123129 | O99: Birds seen/heard during March 2 ‚Äì 6, 2002 at El Amargal. Birding was not the primary activity in this visit. Lots of rain and cloudy days.
A100: Dendrocincla fuliginosa | B100: 14034 | C100: species | D100: Plain-brown Woodcreeper | F100: X | G100: Colombia | H100: Choc√≥ | I100: 5.5729759 | J100: -77.502419 | K100: 44622 | L100: obsr161341 | M100: 0 | N100: URN:CornellLabOfOrnithology:EBIRD:OBS1360118836 | O100: Birds seen/heard during March 2 ‚Äì 6, 2002 at El Amargal. Birding was not the primary activity in this visit. Lots of rain and cloudy days.
...
